Shop Name,Phone Number,Address,Proximity
Moroccan Hospitality,(781) 605-0520,"188 Salem St, Malden, MA 02148",10.4
Addis Red Sea Ethiopian Restaurant,(617) 441-8727,"1755 Massachusetts Ave, Cambridge, MA 02140",14.6
Addis Red Sea,(617) 426-8727,"544 Tremont St, Boston, MA 02116",15.0
Lucy Ethiopian Cafe,(617) 536-0415,"334 Massachusetts Ave, Boston, MA 02115",15.5
Quality Liquors,(978) 744-4221,"5 Gedney St, Salem, MA 01970",0.0
Salem Wine Imports,(978) 741-9463,"32 Church St, Salem, MA 01970",0.2
Murphys,(978) 744-8889,"300 Derby St, Salem, MA 01970",0.2
Kwik Shop Market &amp; Deli,(978) 740-9955,"10 Jefferson Ave, Salem, MA 01970",0.3
Bung Hole Liquor Store,(978) 744-2251,"204 Derby St, Salem, MA 01970",0.4
Whats Knew,(978) 607-0042,"35 Congress St, Salem, MA 01970",0.4
Arge's Liquors Inc,(978) 744-1761,"18 Boston St, Salem, MA 01970",0.5
Highland Liquor Mart,(978) 745-8979,"424 Essex St, Salem, MA 01970",0.5
Alexandra Liquors Inc,(978) 744-1480,"128 North St, Salem, MA 01970",0.6
Salem Liquors Inc,(978) 744-2335,"125 Canal St, Salem, MA 01970",0.7
Cosgrove's Liquors,(978) 744-4000,"36 Bridge St, Salem, MA 01970",1.1
Loring Liquors,(978) 744-1630,"70 Loring Ave Ste A, Salem, MA 01970",1.2
Tremont Market,(978) 531-2764,"70 Tremont St, Peabody, MA 01960",1.4
Mc Namara's Liquors,(978) 531-0979,"12 Foster St, Peabody, MA 01960",1.6
Cork Screw Liquors,(978) 548-6510,"23 Central St, Peabody, MA 01960",1.6
A &amp; L Liquors Inc,(978) 532-3460,"56 Foster St Ste R, Peabody, MA 01960",1.7
Seventeen Central Street Liquor Store,(978) 531-7858,"17 Central St, Peabody, MA 01960",1.7
Market Wine &amp; Spirits,(978) 745-8700,"15 Traders Way, Salem, MA 01970",1.8
Bunghole Liquors,(978) 531-0089,"79 Lowell St, Peabody, MA 01960",1.8
Waterfront Wine &amp; Spirits,(978) 777-2444,"128 Water St # R, Danvers, MA 01923",2.2
Salem Sight Psychic Readings,(339) 440-1766,"110 Pollard St, North Billerica, MA 01862",19.9
Bill &amp; Bob's Roast Beef,(978) 744-9835,"9 Bridge St, Salem, MA 01970",1.2
China Buffet,(978) 922-8588,"214 Cabot St, Beverly, MA 01915",2.2
Marika's Breakfast &amp; Lunch,(978) 927-1768,"199 Cabot St, Beverly, MA 01915",2.2
Periwinkles Food Shoppe,(978) 825-0099,"540 Loring Ave, Salem, MA 01970",2.3
Three Cod Tavern,(781) 639-3263,"141 Pleasant St, Marblehead, MA 01945",2.3
Mandarin Super Buffet,(978) 740-0306,"400 Highland Ave Ste 9, Salem, MA 01970",2.5
Joe's American Bar &amp; Grill,(978) 532-9500,"210 Andover St, Peabody, MA 01960",2.8
American Bbq,(978) 921-1212,"950 Cummings Ctr, Beverly, MA 01915",3.0
9 Elm American Bistro,(978) 774-9436,"9 Elm St, Danvers, MA 01923",3.7
Imperial Buffet,(781) 593-9668,"138 Boston St, Lynn, MA 01904",4.5
George's Roast Beef Inc,(781) 599-2209,"124 Broad St, Lynn, MA 01901",4.5
Old Country Creamery,(781) 599-1300,"626 Lynnway, Lynn, MA 01905",5.6
3 Yolks,(781) 596-1103,"1103 Western Ave, Lynn, MA 01905",6.1
Continental,(781) 233-2587,"266 Broadway, Saugus, MA 01906",6.6
China Buffet,(781) 231-1588,"180 Main St Ste 5, Saugus, MA 01906",7.6
Chuck Wagon Diner,(781) 451-3988,"61 New Salem St, Wakefield, MA 01880",8.6
Squire Road Buffet,(781) 629-5720,"72 Squire Rd, Revere, MA 02151",8.8
American Legion,(781) 438-9716,"11 Common St, Stoneham, MA 02180",10.6
Sofia's Breakfast &amp; Lunch,(978) 356-4554,"39 Market St, Ipswich, MA 01938",11.4
"Dempsey's Muffins, Bagels, Breakfast And Lunch",(781) 396-7723,"64 Lambert St, Medford, MA 02155",11.9
Image Concepts,(978) 745-9427,"16 Front St, Salem, MA 01970",0.1
Susanna's Cistom Designs &amp; Alterations,(978) 745-2323,"274 Essex St, Salem, MA 01970",0.1
J Mode,(978) 744-7007,"17 Front St, Salem, MA 01970",0.1
Re Find Mens,(978) 744-2365,"266 Essex St, Salem, MA 01970",0.1
Kerr Leather Inc,(978) 745-8119,"4 Chestnut St, Salem, MA 01970",0.1
Bootery,(978) 745-8821,"182 Essex St, Salem, MA 01970",0.2
Adventureous Affairs,(978) 741-2221,"5 Pond St, Salem, MA 01970",0.2
Signatures,(978) 825-0015,"181 Essex St, Salem, MA 01970",0.2
Gear Six Technologies,(978) 744-9436,"1 Derby Sq, Salem, MA 01970",0.2
Yarina Threads,(978) 744-6131,"186 Essex St, Salem, MA 01970",0.2
Leather Hide,(978) 910-0474,"190 Essex St, Salem, MA 01970",0.2
Mightly Aphrodite Maternity Consignment,(978) 745-8900,"7 Central St, Salem, MA 01970",0.2
Glitterati Prom &amp; Pageant Superstore,(978) 745-7775,"121 Lafayette Street, Salem, MA 01970",0.2
Addicted,(978) 740-3900,"203 Essex St, Salem, MA 01970",0.2
Modern Millie Vintage and Consignments,(978) 594-0196,"3 Central St, Salem, MA 01970",0.2
Airgas,(603) 890-4600,"17 North St, Salem, MA 01970",0.2
Witch City Inc,(978) 740-9500,"2 E India Square Mall, Salem, MA 01970",0.3
Christy's Dry Cleaners,(978) 745-8980,"10 Jefferson Ave, Salem, MA 01970",0.3
Fool's Mansion,(978) 740-9595,"127 Essex St, Salem, MA 01970",0.3
Lili,(978) 745-7778,"45 Harbor St, Salem, MA 01970",0.3
Image Concepts,(978) 745-9427,"16 Front St, Salem, MA 01970",0.1
J Mode,(978) 744-7007,"17 Front St, Salem, MA 01970",0.1
Glitterati Prom &amp; Pageant Superstore,(978) 745-7775,"121 Lafayette Street, Salem, MA 01970",0.2
Addicted,(978) 740-3900,"203 Essex St, Salem, MA 01970",0.2
Ljl,(978) 977-7770,"20 Webster St, Peabody, MA 01960",1.4
Delia's Designs,(978) 977-9112,"45 Main St, Peabody, MA 01960",1.5
Majestic Badge,(781) 592-8890,"16 Elm St, Peabody, MA 01960",1.6
Fashion Bug,(978) 745-8880,"235 Highland Ave # 2, Salem, MA 01970",1.7
Point Of View Optical,(978) 532-0097,"9 Franklin St, Peabody, MA 01960",1.7
Adventureous Affairs,(978) 278-3580,"20 Lowell St, Peabody, MA 01960",1.7
J Jill,(978) 977-3318,"210 Andover St, Peabody, MA 01960",2.1
Irresistibles,(781) 631-1248,"7 Hawkes St, Marblehead, MA 01945",2.4
Marblehead Opticians,(781) 631-6600,"51 Atlantic Ave, Marblehead, MA 01945",2.5
Taylor Keith E,(781) 631-2182,"166 Atlantic Ave, Marblehead, MA 01945",2.5
Lulu's Boutique,(781) 639-2800,"43 Atlantic Ave, Marblehead, MA 01945",2.5
Barney Rabin Co Inc,(781) 631-3598,"14 Central St, Marblehead, MA 01945",2.6
French &amp; Italian,(781) 639-5129,"129 Washington St, Marblehead, MA 01945",2.6
Custom Eyecare,(781) 592-0000,"430 Paradise Rd, Swampscott, MA 01907",2.7
Liz Claiborne,(978) 720-4700,"200 Cummings Ctr, Beverly, MA 01915",2.7
Forever21,(978) 326-1161,"210 Andover St Unit W169b, Peabody, MA 01960",2.7
Salem Arts Assn,(978) 745-4850,"24 New Derby St, Salem, MA 01970",0.1
Salem Oriental Gallery,(978) 744-8746,"178 Essex St, Salem, MA 01970",0.2
Marine Art Gallery,(978) 745-5000,"135 Essex St, Salem, MA 01970",0.3
Picklepot,(978) 744-6678,"75 Wharf St, Salem, MA 01970",0.4
Kensington Stobart Gallery,(978) 825-0022,"18 Washington Square, Salem, MA 01970",0.4
Mingo Gallery &amp; Custom Framing,(978) 927-5964,"284 Cabot St, Beverly, MA 01915",2.4
Arnould Gallery &amp; Framery,(781) 631-6366,"111 Washington St, Marblehead, MA 01945",2.6
ACORN Gallery,(781) 631-6030,"39 State St, Marblehead, MA 01945",2.7
Accredited Appraisers,(781) 631-5956,"17 1/2 State St, Marblehead, MA 01945",2.7
Corio Art Cellular,(978) 473-1022,"Beverly, MA 01915",3.2
Framemakers,(978) 777-0306,"67 High St, Danvers, MA 01923",3.5
Barbara's Hang-Up,(978) 927-7639,"16 Dodge St, Beverly, MA 01915",3.7
Collaborative Artworks Incorporated,(781) 595-8899,"25 Exchange St, Lynn, MA 01901",4.5
Barn Workshop Fine Arts &amp; Crafts School,(978) 774-3042,"245 Maple Street, Danvers, MA 01923",4.6
Bloomings by M,(978) 922-0003,"252 Dodge St, Beverly, MA 01915",4.9
Gallery Della Piana,(978) 468-1944,"152r Main St, Wenham, MA 01984",5.9
Erlich Gallery,(781) 631-1202,"3 Cliff St, Nahant, MA 01908",6.9
Art Shipping International,(781) 477-9800,"62 Spinney Path, Nahant, MA 01908",7.1
Mike Storella Central Street Gallery LLC,(978) 526-7650,"11 Central St, Manchester, MA 01944",7.4
Beach St Studios,(978) 526-4833,"33 Beach St, Manchester, MA 01944",7.5
Beadworks,(978) 741-2323,"10 Front St, Salem, MA 01970",0.2
Beadworks Business Off,(978) 740-8808,"81 Washington St, Salem, MA 01970",0.2
The Boutique,(978) 741-4141,"318 Derby St, Salem, MA 01970",0.2
Awakening Guild,(978) 744-4733,"66 Wharf St, Salem, MA 01970",0.4
MHP Enterprises Inc,(978) 594-0047,"10 Colonial Rd Ste 207, Salem, MA 01970",0.7
Hex,(978) 666-0765,"246 Essex St, Salem, MA 01970",0.7
Rio Brazillian Fashion,(978) 977-2969,"9 Central St, Peabody, MA 01960",1.6
Mint,(978) 927-6468,"174 Cabot St, Beverly, MA 01915",2.1
Yankee Doodler,(781) 631-8846,"51 Atlantic Ave Ste 7, Marblehead, MA 01945",2.5
Plaster Fun Time,(978) 745-7788,"400 Highland Ave, Salem, MA 01970",2.5
Lulu's Boutique,(781) 639-2800,"43 Atlantic Ave, Marblehead, MA 01945",2.5
She,(781) 639-9800,"86 Washington St Ste A, Marblehead, MA 01945",2.6
Icing By Claire's,(978) 531-5392,"210 Andover St # 123, Peabody, MA 01960",2.8
Claire's,(978) 774-5434,"100 Independence Way, Danvers, MA 01923",3.1
Ac Moore,(978) 750-0420,"100 Independence Way, Danvers, MA 01923",3.1
A.C. Moore,(978) 750-0420,"100 Independence Way, Danvers, MA 01923",3.1
Envogue Hair &amp; Boutique,(978) 777-4947,"10 Page St, Danvers, MA 01923",3.8
Harlow,(978) 767-2311,"49 Maple St, Danvers, MA 01923",3.8
HEART &amp; SOUL BOUTIQUE,(781) 593-0366,"366 Broadway, Lynn, MA 01904",4.0
Craft Brewers Guild,(978) 777-5525,"17 Collins St, Danvers, MA 01923",4.2
"Bergsten Music, Inc.",(781) 740-6600,"85 Research Rd., Hingham, MA 02043",22.4
"Bergsten Music, Inc.",(781) 740-6600,"85 Research Rd, 85 Research Rd, Hingham, MA 02043",24.0
Hodgkinson Design,(781) 631-5844,"66 Lee St, Marblehead, MA 01945",2.6
Jw Designs,(978) 712-4382,"100 Cummings Ctr Ste 113G, Beverly, MA 01915",2.7
Graphic Arts Shop Lvti Annex,(781) 477-0150,"90 Commercial St, Lynn, MA 01905",5.3
Daniel's Millennium Graphics,(617) 389-7908,"111 Central Ave, Everett, MA 02149",10.7
Look What I Made Incorporated,(978) 664-5946,"4 Lowell Rd Unit 8, North Reading, MA 01864",11.8
Latanision Art Studio,(781) 932-8600,"500 W Cummings Park, Woburn, MA 01801",11.9
Flower Drum Boutique,(781) 721-0743,"47 Church St, Winchester, MA 01890",13.2
Poore&amp; Co,(978) 281-6071,"315 Washington St, Gloucester, MA 01930",13.3
Graves David,(978) 283-2335,"58 Middle St, Gloucester, MA 01930",13.4
Jon Sarkin Creative Designs,(978) 282-0334,"17 Pleasant St, Gloucester, MA 01930",13.6
Meagher Judythe Evans,(978) 281-7575,"37 Rocky Neck Ave, Gloucester, MA 01930",13.6
Jones J B,(617) 718-2180,"2 Bradley St, Somerville, MA 02145",13.6
Holleman David,(781) 396-5442,"574 Boston Ave Ste 413, Medford, MA 02155",13.7
Joy Street Artist Studio,(617) 625-2572,"86 Joy St, Somerville, MA 02143",13.7
Mendis Ternece,(617) 623-2807,"86 Joy St, Somerville, MA 02143",13.7
Flint Suzannah,(617) 625-8422,"20 Vernon St, Somerville, MA 02145",13.7
Viau Donna,(978) 282-0269,"83 Gloucester Ave, Gloucester, MA 01930",13.7
Brickbottom Artists Assn Inc,(617) 776-3410,"1 Fitchburg St, Somerville, MA 02143",13.8
Adams Rich Design,(978) 685-4161,"32 Cricket Ln, North Andover, MA 01845",13.9
Muskat C,(617) 776-7773,"193 Cedar St, Somerville, MA 02145",13.9
Crafters Market,(978) 745-2025,"82 Wharf St, Salem, MA 01970",0.4
Sail Marblehead,(781) 631-6526,"27 Beverly Ave, Marblehead, MA 01945",1.7
Atlantic Auto &amp; Marine,(781) 631-6526,"332 W Shore Dr, Marblehead, MA 01945",1.9
Montserrat College of Art,(978) 969-3168,"194 Cabot St, Beverly, MA 01915",2.2
Montserrat School of Art,(978) 969-3397,"269 Cabot St, Beverly, MA 01915",2.3
Montserrat College Of Art,(978) 922-8222,"23 Essex St, Beverly, MA 01915",2.4
Plaster Fun Time,(978) 745-7788,"400 Highland Ave, Salem, MA 01970",2.5
Danvers Art Assn,(978) 777-8501,"105 Elliott St, Danvers, MA 01923",3.1
A.C. Moore,(978) 750-0420,"100 Independence Way, Danvers, MA 01923",3.1
Art Danvers Works,(978) 762-3773,"20 Locust St, Danvers, MA 01923",4.0
Art Center Of Hamilton,(978) 468-7006,"15 Walnut Rd, South Hamilton, MA 01982",6.2
Absolutely Everything,(978) 887-5047,"30 Main St 4A, Topsfield, MA 01983",8.7
Artroom,(978) 887-8809,"30 Main St Ste 8, Topsfield, MA 01983",8.7
Bead Gallery,(781) 665-0400,"520 Franklin St, Melrose, MA 02176",9.4
Wellington Truck &amp; Trailor Repair Inc,(781) 321-1133,"775 Eastern Ave, Malden, MA 02148",9.9
Salem St Beadery,(781) 322-3732,"271 Salem St, Malden, MA 02148",10.2
Old Navy,(617) 381-8102,"9 Mystic View Rd, Everett, MA 02149",12.0
H&amp;R BLOCK,(781) 395-3400,"36 Salem St, Medford, MA 02155",12.8
Ac Moore,(617) 628-5957,"145 Middlesex Ave, Somerville, MA 02145",12.9
American Chinese Art Society,(781) 938-9900,"29 Montvale Ave, Woburn, MA 01801",13.2
